Moderator,Power
sandossu,803398
mareacaspica,1518252
scrieee,944340
ppsp,3726823
ShittyMF,98251
nopartyforyou,98251
Neverlife,98348
WeenieTheQueen,98251
krispykrackers,52203151
flyryan,63122161
Ooer,49512794
roastedbagel,48552624
ani625,131808016
TheJackal8,43739063
sexrockandroll,64876673
e36,45694344
IranianGenius,157104471
-eDgAR-,48544663
modmail_bot,0
Jakeable,48987389
qtx,159870906
necrokitty,51569998
lotrouble,55285297
AskRedditModerators,40622917
Pun-Master-General,42997431
RuinEleint,43853614
SpCommander,40626615
Kopratic,43853614
teknrd,40619490
adotmatrix,43490545
Sendsomechips,40844239
omgthenerve,42065284
eriophora,43850177
daecrist,43850177
PancakeQueen13,40619480
catsugh,40619480
elaerna,46839390
ihate20200000,40996325
VioletViola,40619480
EccentricHorse11,41379656
mtango1,40619480
Mondestruken,40619480
DuckDragon,54460337
Kylde,94222387
Kensin,48536456
funny_mod,48536456
MrAwkwardCrotch,49974022
Umdlye,86389338
llehsadam,50783188
BestRbx,49396141
RamsesThePigeon,198593935
UMKcentersnare,54937484
verdatum,50942376
Axanery,50775344
afarmer2005,48536456
sloth_on_meth,84225705
Levyathyn,49838216
TheMightyStylus,49458506
Superbuddhapunk,74911262
colburp,48536552
Funny_Sentinel,48536456
JonLuca,12665441
Damnthatsinteresting,9569793
hjalmar111,67407957
LydiaAgain,11779088
ThaanksIHateIt,14735717
Nice-Average,10840762
AssistantBOT1,0
qgyh2,64314821
maxwellhill,33456650
BritishEnglishPolice,86087084
anutensil,34369058
bennjammin,31448827
DoremusJessup,31810515
emmster,31935729
green_flash,31444436
PraiseBeToScience,33823740
WorldNewsMods,31444436
DonTago,31453223
istara,32632831
Fluttershy_qtest,33812474
Surf_Science,85738154
imdpathway,31628559
Isentrope,50858691
PlanetGuy,31501281
seewolfmdk,33811424
dieyoufool3,61581567
NYLaw,35534301
hasharin,31444455
tinkthank,33218351
BlatantConservative,60916391
vikinick,41666732
pussgurka,150607880
progress18,36868517
Morning-Chub,81624196
hankhillforprez,31587968
nt337,58059600
photonmarchrhopi,31444645
PoppinKREAM,31490978
Last_Jedi,31534020
ssnistfajen,31589408
FreedomsPower,33060679
Handicapreader,34564528
maybesaydie,114090616
_BindersFullOfWomen_,93248703
abrownn,139825102
Llim,96053579
slakmehl,31444438
MisterMysterios,31532733
Petrichordates,31444436
IsNotACleverMan,31444684
UGMadness,45489051
L_Cranston_Shadow,50047264
The_Majestic_,39753149
Benocrates,31444436
valuingvulturefix,31498444
whistleridge,49273072
Tetizeraz,39196204
Duglitt,31444436
ontrack,32063324
SecureThruObscure,74993205
AdClemson,31444455
jman005,34335360
muffpatty,31444437
FLAlex111,54397380
-doughboy,41069207
AkaashMaharaj,31502656
TitusRex,31774098
noplats,52418116
flignir,7735935
SnausageFest,7906456
Phteven_j,10095937
Judgement_Bot_AITA,7174573
AITAMod,7605864
techiesgoboom,7717125
mary-anns-hammocks,6993346
InAHandbasket,7489940
DrLilyPaddy,6971798
Moggehh,7493795
tenaciousfall,6971798
crystalzelda,6993346
dragonesszena,9091574
anarmchairexpert,6971798
3Fluffies,6971798
Farvas-Cola,6971798
dungareemcgee,6971798
lokidemon_731,6971798
ElectricMayhem123,6971798
grovesofoak,6971798
bubblegumgills,7872215
AccordingTelevision6,6971798
SupermanLeRetour,10102874
cupcakemuffin413,7130040
EnoughMIL,6971798
GraveDigger111,6971798
BiFuriousa,6975524
-Aspinwall-,6971798
signorapaesior,6975524
xXnormanborlaugXx,6971799
OkieWonBenobi,6975524
i_am_very_chicken,6971798
fizzan141,6971798
Dszquphsbnt,6971798
EjoyceS,6971798
ModandSmile,6971798
BotDefense,0
VerlinMerlin,6971837
Frasepalm,7251067
Embarrassed-Sweet905,6971798
HowlingWinds0525,6971798
jkvf1026,6971798
SaltyInVancouver,6993347
lilpikasqueaks,6971798
WhimsyPark,6971798
Slippery-when-moist,6971798
notesbot,48153444
DragonflyFairyQueen,6975524
saatchi-s,6971798
Goodnight_big_baby,6971798
sunupsidedown,6971798
skbloom,6971798
iBleeedorange,88903662
MaxLemon,11879434
rainboy1981,33560853
kermityfrog,11390032
TeiaRabishu,2537013
ZiggoCiP,5316595
Merari01,174725103
BelleAriel,40410528
Synerco,2537013
Grammorphone,2555108
Kilgore_Of_Trout,2600914
dottiemommy,15516801
Schmetterling190,2583287
MAGIC_EYE_BOT,0
Flair_Helper,390799013
SafestBot,153838699
hermit_dragon,2537013
xowx,2537013
ObnoxiousOldBastard,2738784
DuplicateDestroyer,0
MindlessAdvantage969,2541921
Xander_PrimeXXI,2542574
stenore,2611889
travjhawk,2862302
didgerdiojejsjfkw,6588707
lmaobadatmath,6547551
RE5TE,2537013
Caledric,2537016
sucrose_97,2812708
temeela,2537018
N3DSdude,46605980
pm_me_fibonaccis,2537013
chill-left,2537013
aurumvorax,2537013
banoosa,2545889
I_Am_A_Real_Bot,56899864
sweatycat,34806936
ChildOf1970,2537013
namsilat,7087989
5loon,7359729
T_Dumbsford,45899525
tara1,74720658
EstherandThyme,7074401
Quick_man,11668968
IranianGenius2,46928846
natezomby,45340875
Lil_SpazJoekp,106373106
Sunkisty,253822196
AssistantBOT,0
justcool393,103620781
DingDongPuddlez,33048481
Quantum_Force,11399499
fpmods,7074401
TreKs,287571712
DePasta,56299097
QueenAnneBoleynTudor,107178905
iamdeirdre,64909795
ghostgoddess7,16347616
I_Am_A_Real_Hacker,69617899
Dacvak,68460335
synbios16,36797154
mookler,62564026
delicious_cheese,41676546
MisterWoodhouse,41286147
Redbiertje,42644502
MikeyJayRaymond,46608169
Greenbiertje,36735675
TonyQuark,57120648
TurtlesgonnaTurtle,36904988
IwataFan,75394921
phedre,40677544
wrproductions,36735675
Hawkmoona_Matata,39772228
leakycauldron,49743674
tylersburden,38590191
AlexWIWA,66697110
Binerexis,40682447
KKingler,49804988
Emmx2039,83595874
-Vampires-,39136292
viky109,36735675
gamingmoderator,36735675
TheHammer34,98924554
esoterix_luke,219164564
BvbblegvmBitch,83981659
Robotguy39,38518835
vxx,11596089
AlphaPigs,10922550
Thehealeroftri,10191390
NymphoCpl614,10173621
theskabus,28962799
preggit,46795550
The1RGood,24584858
Kijafa,34913410
YT_Killer,69168786
pHorniCaiTe,75549616
ucantsimee,10803435
greensincerity,10143772
CasparMeyer,10143741
noeatnosleep,119692004
Artraxaron,11960605
westerschelle,10144124
geek__,10143742
LivelyZebra,10664431
Pedantichrist,11555249
unexBot,10143741
darknep,20339394
Meteatas357,10923386
xMikee,10143937
Mrs3anw,31011386
miike3459,10143751
esberat,10820507
looped10,10143741
ModAdministrator,10249539
cwenham,70640263
tragopanic,29977354
adeadhead,36451328
n_reineke,35438412
PicsMod,29930735
JoyousCacophony,75095881
PussyWhistle,41898523
remiel,31350205
relaxlu,29930715
terminal_mole,53275508
NegativeTwelfth,51813188
SnowPhoenix9999,49480605
JaneksBlackBox,29930715
jamt9000,29941961
whyhellomichael,38000225
pics-moderator,29930715
GuitarFreak027,94950395
daninger4995,54926655
Kylel6,29930842
CorvusCalvaria,89521430
DerangedOctopus,30088958
OGWhiz,41061581
GastricallyStretched,32902667
TrueAmurrican,38379825
mayaxs,34659747
ArchangelleN8theGr8,68090756
BlogSpammr,137922639
interactive-workflow,29930715
lessons_learnt,29979276
juitar,2875839
dickfromaccounting,4528776
DaFunkJunkie,3837708
PhlogistonAster,69675261
Thryloz,62778375
VESTINGboot,19268384
queuenukebot,22503093
TrickleDownModding,2019985
LSFmoderator,2019985
electricalpcfire,2019985
livestreamfailsbot,2019985
ThrowMyRamAway,2019985
politburo_take_potat,3631895
Duckerr,2019985
Kaifurn,2019985
FelipeDoesStats2,2481267
TerryPotatoFace,2019985
ExxL,2171127
catshark16,11435852
SM-,2019985
rookie222,2019985
LSFBotUtilities,2019985
loldeade,2019985
signalfromantares,2019985
Tarrot_Card,2019985
KadekiDev,2019985
dc23eLX,2019985
LSFMirror,2019985
nutricula9,2019985
ThatGhst,2019985
pkerguy,2133137
derpnsauce,2019985
__MUFC__,5837098
ViolentMotion,2019985
RandomReddit-01,2019985
neoLSFBot,2019985
pedro19,7535927
eegras,7517610
zeug666,7451504
stevezilla33,7480813
PCMRBot,7487329
The-Big-Noob,7480808
Zeorymer300,7470105
E-Man1864,7480910
PhantomsGhost,7451103
TheAppleFreak,7492528
girafa,30760723
mi-16evil,30945055
LiteraryBoner,51471424
GetFreeCash,31389352
allwinter,30998118
-Lumos,30761094
llamas_theory,36051343
kitsandkats,30762654
INTHEMIDSTOFLIONS,30759842
Minifig81,64616698
SudoSudonym,47268292
Hary1495,82103413
Hope_Burns_Bright,31685042
The_h0bb1t,30761159
MoviesMod,30759842
Dottsterisk,30760393
turkeygobblegobblr,30760393
SirRobotDeNiro,30760507
trick-or-creep,30759842
olivesoneverything,5955915
Averagely_great2,5955915
AirbossYT,6015197
1080pfullhd-60fps,5955915
CuriosityBoie,6265418
attempt-checker-bot,5955915
NiesomVysoky,8921081
shampoo_and_dick,8696540
Reports-Bot-TWAA,5955915
voicedm,25587435
PlenitudeOpulence,8538660
F4T4-M0RG4N4,5964782
s_y_s_t_e_m_i_c_,34328404
Kumquat_conniption,7225123
Karmanacht,15521691
ArmadilloDays,5968377
translove228,19679003
CasanovaJones82,6036559
BlairWitchSimpson,6400829
ohhyouknow,19762106
ContextDefense,7998840
hoosakiwi,32354362
sarahbotts,7222711
LargeSnorlax,12557158
ReganDryke,33998485
p00rleno,36218081
Cahootie,6276988
Vayatir,6342365
untamedlazyeye,6287044
RawStanky,8598507
PankoKing,8447231
ohvalox,6968599
molenzwiebel,8402694
topCyder,6318107
RocketGrabber,6264465
botCyder,6299947
Molediver,8367211
PuppiesbyPound,6264465
SNSDave,6264465
ahritina,6272641
Ronizu,6264465
Makiavelzx,6264549
TomShoe02,6267668
Alkser,6264465
StarGaurdianBard,6750943
Kaeligos,171051
clueso87,214649
fang-island,135358
drecz,6981340
doug3465,32623567
relic2279,91288651
Azberg,27156289
OBLIVIATER,34230273
jesuspunk,31029450
Meepster23,28022821
TheMentalist10,26728421
Meltingteeth,26871959
sulkee,30631640
scientificjdog,26684515
magicwings,26825556
TastyGherkin,26808477
TheIronGolemMech,26684518
dysgraphical,37123841
Helljumperz64,26715491
Strike_Gently,27671531
joka86,28729633
videosmods,26715809
ianjm,32237596
fearnotthewrath,28217731
SgtBanana,26852679
Dynamiklol,29619878
Pruvided,29387037
videosbot,26715809
K_Lobstah,22617469
Nikosaur,2888467
Rlight,7118851
Fuzzle_hc,2894067
Clarkey7163,3245950
notliam,2768633
DTG_Bot,2917347
gsmebbs,2798105
OxboxturnoffO,2899324
Glamdring804,2781287
GenericDreadHead,3096562
LucentBeam8MP,2920173
GreenLego,2887101
ZarathustraEck,2887101
The--Marf,2780188
CompuZockt,2768071
irJustineee,4063084
RiseOfBacon,2907757
Squeagley,2996992
ChrisDAnimation,2768071
Ruley9,3010400
aslak1899,2768071
SkyNet_Official,3010449
The-Vanguard,2768071
Tahryl,2861032
Skellums,2768071
Techman-,2775644
HeyItzSteve,2768071
Cardzfan5,2768071
Mastershroom,2768075
The_Owl_Bard,2797132
MrCranberryTea,2768071
mrhodesit,4517590
coffeetablesex,4497119
PhunnelCake,4496791
AssuredlyAThrowAway,7133612
PublicFreakoutsBot,4496791
ufgod,4555028
stonetear2017,4496791
a-mirror-bot,4496791
ausbstt,5993570
RocketSLC,6916937
RedHairedRedemption,4496791
ModeratorChives,4496791
infinitestarfish,4496791
DanGetInMyVan,4496791
ObieWonACannoli,4496791
Romano16,4496792
smolgrow,4496791
abesrevenge,4496796
LadyDiscoPants,4496902
i_love_banal,4496791
Jyotu007,4496791
NopeNoah,8559877
greenphlem,4913075
arup02,5552358
PicturElements,29832165
l0ve2h8urbs,5537826
wafflesareforever,5558845
Renegade_Meister,5536284
BANGEXPLOSIVE,5539749
infuriatedMods,5536284
Hilltopchill,32910380
iNeverQuiteWas,36833379
metastasis_d,43387477
UnreadyIce,5626185
ParliamentOfCraters,9232447
Luv-Alyssa,5536284
Kresley,6522164
Mynameisnotdoug,8385822
Ghigs,3412252
MobileModBot,3412236
marsianer,42085556
Petwins,25606601
Brittle_Panda,45824453
Dilettante,25584300
NoStupidQuestionsBot,3412229
rhomboidus,3412227
SnooRawrBot,37620204
SurprisedPotato,3414731
Jtwil2191,3412227
ForScale,3441395
ntengineer,26073156
Hipp013,4618461
noggin-scratcher,3412227
FillsYourNiche,109771178
I_Miss_Claire,3418942
Mason11987,22171473
ELI5_Modteam,22170780
Santi871,22563753
buried_treasure,22263087
mjcapples,22171271
blablahblah,22171271
ELI5_BotMod,22170780
Curmudgy,22171271
cow_co,22174436
terrorpaw,22171271
Hatherence,22984376
ElfMage83,22377349
Teekno,22172861
RhynoD,22179724
Sumit316,30508471
StoryAboutABridge,22171294
aaronp613,50176645
Caucasiafro,22171271
mmmmmmBacon12345,22170780
argetholo,22391654
Fapitalismm,22834696
Phage0070,22170780
commanddissonance,22208978
Kineth,44340703
Blank-Cheque,293103986
BotTerminator,0
canadianstuck,22468118
House_of_Suns,52606524
ChampJamie153,33409604
freakierchicken,22194568
FiveDozenWhales,22172262
amulchinock,22170780
Eveanyn,24497613
Mil3High,22170781
The_Real_Bender,22170781
mike_pants,24223171
gocoogs,2405124
anticapitalist,8133946
CitizenPremier,2431386
ThatAstronautGuy,22708517
TheSentinel_19,2504530
Zeydon,2405311
BroderzYt,13412688
ameen__shaikh,8893444
MEIRL_MODS,2405022
SnooCupcakes8607,5847075
sidshembekar,15797588
GallowBoob,24023305
Nugget_MacChicken,13056342
nerf_herderer,8630862
AngryAssHedgehog,7939797
CarpeDiem869,8073291
FloodgatesBot,143024428
NO_Karma4U,22490895
Portrait_Robot,13201084
NextFuckingLevel_Bot,7877200
Benji_Rock,7900350
Ariavoire,7933051
amnesiac7,8986887
loopypaladin,10946745
Nailfoot1975,7879554
dude-O-rama,7877550
truecommentor69,11230722
TheOnlyVibemaster,11742461
LengthyPole,8389556
Poker1st,9725222
Altrissa,12175863
RebelTactics,1379961
skweeky,1380044
jae34,1379760
SupremeReader,1379760
HelpImOutside,1379760
ModeratelyHelpfulBot,131129487
knowyourpast,1379760
TrendWarrior101,1877055
cannonauriserva,1379760
babushka45,1380190
675longtail,1379760
Darthai,1379760
jacksmachiningreveng,1398631
Sma11ey,1379762
Not_Stupid,2559316
samocitamvijesti,1379760
AusNormanYT,1379760
Skuld,46619135
nikondork,7327222
enchilado,7327599
Mustek,7417654
redstonehelper,8041482
mynameisperl,7461103
aperson,8928256
TehNolz,7326553
capfan67,7326553
TheRealWormbo,7326553
ExtraStrengthFukitol,7326553
lucasxi,7326553
urielsalis,7333154
BobsOrCookies,11140708
NitroHydroRay,7526255
Migsestrella,7326553
InfiniteNexus,7326553
SkylerSpark,7326553
Greymagic27_,7332065
LexiTehGallade,7468921
Tomlacko,7332859
MisterSheeple,7331983
SuperSkrubLord,7326554
TitaniumBrain,8250753
QualityVote,64824279
Papaya314,7326553
Avoma,7326557
JawGBoi,7909539
Schlumpfffff,7326553
Mlakuss,7452216
electriceric,7605954
Wi_Tarrd,7355417
decitronal,7326553
TwoBlueSandals,7326553
MinecraftModBot,7326553
TheReposterminator,79753673
Elderthedog,42662452
DiggDejected,26253312
todayilearned83,31071409
gutpocketsucks,57316014
AudibleNod,58893304
Plainchant,61736789
PotRoastPotato,30545912
lolihull,32678582
Vfef,26042176
fingerpaintswithpoop,26042168
NewsModTeam,26042168
404user,30936117
BuckRowdy,33538887
GeauxTheFckAway,26042168
Nestor_Sem,864339
ex-robot-x,1015696
Morfolk,1016276
EoghanMuzyka,865429
jesterboyd,1018542
sorryMunchausen,864691
CitoyenEuropeen,1277777
spqrdecker,1091394
sn0r,1137313
iamdestroyerofworlds,1015854
firefly_can_fly,864497
Birdy1072,3466451
Crescent-IV,1015699
sbjf,1147833
fabian_znk,1016211
ashphyxiated,1044116
rukraine-bot,864339
likeafox,9184198
mrpetruccio,864339
duellingislands,1014606
VoR_Mom,1014606
definitelynotabot110,1015854
horunzhij,1014606
claireandleif,864339
TomLube,906909
aster0idB612,864339
Lysychka-,864339
TungstenHatchet,1014606
irishrugby2015,867517
TotalSpaceNut,1014606
most_unseemly,1017289
UFL_Robin,864339
LieutenantClone,6470619
m13b,6293112
JaffaCakes6,6288867
ZeroPaladn,6282087
awesomegamer919,6673936
inversion_modz,6282065
-UserRemoved-,6282065
Redditenmo,6835897
coololly,6282073
OolonCaluphid,6282065
Emerald_Flame,6282065
theepicflyer,6505288
ordinatraliter,6324596
BuildapcMods,6282065
MadBen65,6282065
CustardFilled,6681463
hazetoblack,6282065
OPINION_IS_UNPOPULAR,15100994
ShopBitter,13824199
zjz,13882898
OSRSkarma,13824042
TheIceCreamMansBro2,13824040
CHAINSAW_VASECTOMY,13875719
ThetaGang_wsb,13824076
teddy_riesling,13824040
VacationLover1,13824734
Stylux,13824976
Latter-day_weeb,13824040
VisualMod,13824040
pandoracam,13848421
Ryhearst,15681095
yolocallking,13824040
ItsNotYourFault,13824040
Simplevice,13824040
loose-ventures,13829759
Dan_inKuwait,13824477
gschizas,4630565
robbit42,6246759
metaleks,4409033
live_free,7579522
GrumpyFinn,4834027
MarktpLatz,4644810
Greekball,4389582
rEvolutionTU,4390096
HugodeGroot,28248766
BkkGrl,4389986
SlyScorpion,4389524
svaroz1c,4439010
EtKEnn,4610770
kinmix,4364785
Sarnecka,4393989
EggCouncilCreeper,5272378
Svhmj,4389530
TheItalianDonkey,4390796
KvalitetstidEnsam,5860042
ModeratorsOfEurope,4368796
EuropeBot,4364407
pothkan,4417033
SkyPL,4389979
ModsOfEurope,4364321
oefig,4389552
V0rtexGames,7971558
ARoyaleWithCheese,27199624
chatdargent,4537986
scarecrone,4389606
ftjlster,5075725
H0agh,4364455
thisdodobird,23308366
BelFarRod,4548775
stupidmofo123,4389527
Leprechan_Sushi,22879249
Katsuro_Naginata,9086109
Avia_NZ,5374364
vastenculer,4831197
hi_there_bitch,1124469
HOLUPREDICTIONS,29297811
slippershoe,1116313
CHAD-GPT,1124292
BombardierHD,4971052
mgdmw,1320510
cosmicr,1126109
WithoutReason1729,1500923
improviseallday,1124295
ItIsThatGuy,1124384
dbzer0,1346591
_Stalwart_,1118226
Arjab,1128114
sunbrothersco,1318440
tomtheappraiser,1117270
ilike2burn,1117270
Dissmarr,1117270
PiracyBot,1117270
nix0n,31296210
wacrover,31334255
lukemcr,35383262
Geekymumma,31301486
sdn,34488381
roger_,37298743
Lynda73,39617037
lanismycousin,33122402
roger_bot,31880508
TIL_mod,31273846
NoCarrierHasArrived,31273846
mocotazo,31273846
Gustavobc,32921053
Bison_Rider,31286173
Carbon_Rod,31651171
Mulsanne,3072640
empw,35248442
jeppe96,3046047
Effulgency,3046047
Blanchimont,3048331
F1-Bot,3046056
AshKals,3451684
overspeeed,3769681
AnilP228,3046047
anneomoly,3582674
DAGilligan,3046047
minardif1,7806603
WP2OKB,3583823
Rossoneri,4316187
greg19735,4297070
Tim-Sanchez,4464341
deception42,4265313
sga1,4265313
michaelisnotginger,4262560
ATouchOfIwobi,4262036
riskyrofl,4263573
2soccer2bot,4262036
Look_Alive,4262036
GoodSamaritan_,4265313
DiamondPittcairn,4262036
cuentuli,4277170
Boucot,4262491
teymon,4293174
LordVelaryon,4265313
twersx,4262141
Hippemann,4392816
AnnieIWillKnow,4268557
Flamengo81-19,4262047
LemureTheMonkey,4262036
Lyrical_Forklift,4262036
FlyingArab,4262036
MyMoonMyMan,4262036
pagalpun,4262036
Zillak,4262036
suedney,4262036
AlKarakhboy,4262201
Montuvito_G,4262036
jack0641,2459659
EldenRingHype,1851404
imomushi8,5602071
Hollowed_beThyName,1851407
ImoutoCompAlex,4253909
xxxarkhamknightsxxx,13059024
Yosinuke,3356716
DestinyLoreBot,2658217
Frazzle_xo,2596486
Jake_of_all_Trades,1852662
Vi_for_Vindictive,1940097
lifeordeathsworld,7592787
SammieAgnes,3540468
teendeath,4047868
Astora_Knight,1851404
supermariozelda,1861842
tkiced,1982404
TheloniousPhunk,2882373
PJBthefirst,31786314
Hands,2569351
GlobalOffensiveBot,1786359
Monso,1786269
Vinck,1786269
dfnkt,1786269
chaseoes,1801641
zebradolphin5,1786269
swipr_,1786269
SmokyTheClown,1786269
Night_Not_Day,1786269
hoobody,1822038
Tostecles,1786309
Sevastiyan,1834803
reseph,1297362
Eanae,848141
FFXIV_Sidebar,809683
elevenmile,848138
Shini-tan,925703
FFXIV_DevTracker,783845
alabomb,848136
OlivinePeridot,848136
Fliegar,848136
KupoBot,783845
gistofeverything,898951
Copyblade,848136
Mountainwhale,848136
GoldenChrysus,6170830
FSafari,848136
Seymour2012,848136
Angelicel,1102335
hansjens47,8309240
Qu1nlan,26051231
optimalg,42707508
scottgetsittogether,8308719
JonAce,8402319
therealdanhill,8668090
ProjectShamrock,10274153
shhhhquiet,8308713
wil_daven_,8308717
galleyest,8308719
AwkwardBurritoChick,8471183
jdpatric,12154915
txmadison,8451680
Moz_Moz_Moz,8308713
Toxic_Biohazard,14690389
Uhfolks,8310178
tacostonight,8308713
pea_nix,8345639
Korlyth,8308713
Ganon_Cubana,10279528
tuckertucker,8663744
skepticaljesus,10097487
semaphore-1842,9936399
SecretServiceBot,8308713
IDontKnowHowToPM,9159523
TheUnknownStitcher,8315028
CapitanDirtbag,8451335
Bonegirl06,8395189
PoliticsModeratorBot,8308713
SandpaperSlater,8308727
digital_circuit_guy,38741467
Politics_Knower,8451341
volkmasterblood,8555287
EtTuD2,8311011
basketballwife,8308713
Vusys,3293223
DotkasFlughoernchen,2325267
GhostofJeffGoldblum,2660176
TheArbiterOfOribos,2325267
SgtBainbridge,2325267
magewinter,2326833
oriolexy,2325267
WorldofWarcraftMods,2325267
MaybeNotMine,2325268
YourResidentFeral,2325267
NeverPlaysPriest,2325267
Thulm--,2325267
Khadgars_Assistant,2325267
SteveCCL,3323074
deliteplays,31638575
MakingTheEight,5198315
Dougley,3844861
jessedockett,2890489
NikStalwart,3755051
iSaithh,27035025
PixxlMan,2935644
ProgrammerHumorMods,2890489
sexualrhinoceros,4855981
lovethebacon,3096176
OnlyTwo_jpg,2890995
dejaydev,2890489
Ginters17,6374145
nobody5050,3212706
xenuryne,2890508
_unsusceptible,2894189
RepostSleuthBot,0
HellkerN,2890549
EntropicBlackhole,2890491
j-random,2890489
Knoxcorner,2890489
Captain-Fan,3770584
AssOverflow12,2894574
Dubmove,2890490
cherryblossom001,2890489
ModeratelyUsefulBot,99144609
zuzuk2,609909
weathamang,609889
Sillysam28,609889
wolfshocker,609891
FunnyMemeMakerMan,609889
I_AM_KIRA7111,1883570
wemtastic,40132551
voodomac11,17668949
mrlapista,17673610
labudda,17708741
ellepelle27,17708899
stonia,17673610
kissuu,17668949
colucci,5760249
jesseholmz,5761578
imclone,5940658
tresser,18541503
xiphirx,375554
Chaosteil,370384
Thunderclaww,370297
listen2,602047
menagese,369227
GharbadTheWeak,369756
ManWithoutModem,83724170
drumcowski,57333086
dovedevic,31454306
Lady_Plague,25428835
AnotherClosetAtheist,57294535
jokes_on_you,25518335
mattm4473,25213175
Beautiful_Dirt,29354326
PeterPorky,29517914
erdrickk,25207781
CornCobMcGee,25299016
Master_JBT,36649807
Shockrider1,25207772
Shaymin281286,25209727
De-Blocc,27447917
Im_Savvage,25274090
RandomMahmoud,25207772
nona01,31426802
Davis_Schina,30629384
CowCluckLated,25208180
droiddevic,25207772
rMemesMods,25207772
ml-soham,28007169
elch3w,40719935
dashedthoughts,27277640
brijxsh,25207801
Paper-Cup,25207806
ListerineAfterOral,25433314
Blazrre,25213458
Obi-Two-Kenobi_,25446355
LordMorgana,47149078
NeverGoingToGiveU,25207773
ZZMazinger,25207772
_1337Anon1337_,25207772
Donkeychuker,25207772
Child_of_the_Abyss,25449180
NotMilitaryAI,25261909
PandoraNyxie,29489162
NapoleoneBonoacarte,29855855
johnlen1n,25211138
wjdbfifj,25749605
MidnightExpresso,25207806
Tommy1234XD,25207774
mkosmo,829048
bandman614,841854
highlord_fox,837225
VA_Network_Nerd,2466265
preperat,828828
cryptic_1,804839
bad0seed,829051
sigmatic_minor,832351
Kumorigoe,2696658
SEO_Nuke,76516859
Bloodyvalley,828828
Veritasibility,2148300
TeraFlare255,2148300
phlorida92,2213520
supersonic159,1857029
darkandark,1851073
ReesePeanut,1865372
__Cavalier__,1850868
mizuromo,2047967
Avizie,15357767
LieutenantKumar,6868727
DrTom,6904008
FeversMirrors,6759129
LobItUp,6758285
sptagnew,6756623
havfunonline,6756623
Chancelor_West,6756711
rps215,7003383
RonFucking_Swanson,6756623
nick168,6756916
Uncle_Freddy,6756623
IamOlderthanMe,6756623
MonsterDevourer,6756623
edgykitty,6895236
FriendEater,6756623
catmoon,7295441
r-nba-mod,6756623
f1uk3r,6756754
elbenji,6886998
MelGibsonDerp,6756623
notrightmeow,7339314
jadenx2,6756624
htrp,6758229
NBA_MOD,6756763
YachtClubBot,6756623
Saquon,7285288
LSD_Sakai,6808132
MegaSupremeTaco,6756623
Authh145,6756623
twistedlogicx,6900935
Spheromancer,7275779
SyedSarwar,7104863
Smasher1311,6756623
SoDakZak,6804750
ItsN0tTheB0at,6756623
megaman_cdx,7358573
EliPelicans,6756623
dumbledorky,6756623
tinylegumes,6756623
IntraspaceAlien,6756623
3rdEyeDeuteranopia,7654544
Nyhrox,6756623
joesmash21,9091580
SmokingFrog,6756623
Kesha_Paul,53376254
loomynartylenny,13437240
Porush_Kumar,2934494
Skyeisland,8271670
ManWalkingDownReddit,8801112
z_shah7,18519115
RubyKDC,3388516
Aman25ta,2270647
hercs247,34598449
PapaStalinthe2nd,8308656
Sparda0,2266950
Akkavir,9183710
legend3762,8225056
kevin-moderator,2270066
walkingshitposterer,2268476
kevin_25_,2266949
RazorGuy223,2266949
Toastedtoastyyy,2270161
mr_epicguy,20556858
nonuntitled,2617390
dicemaze,17021884
KEVINGSOC,2266949
Only_Maxi,2267706
Mecha_Sparda,2266984
teodorlojewski,2267253
Mod_Helper_Bot,89541239
aintnowaylilbro,15347357
KevinTheShitposter,2266949
Peanutbuttered,7840303
bassmasta513,7377013
terevos2,7477684
WhatCouldGoWrongMod,7377013
OneEyedPlankton,7383232
ASK_IF_IM_PENGUIN,7377024
TheSentinel_11,7433001
TheGoldMustache,11335188
logicalprogressive,7413966
PowerModerator,37012589
pm_me_buffalo_wings,7377015
t080752,7377013
CiroFlexo,8191183
AugmentedPenguin,7805654
RedSquaree,22152364
Jobeanie123,21941306
MakeYourMarks,22075873
RepostSentinel,89905487
UhOhFeministOnReddit,21941306
MI-Bot,21941306
MI-Welcome-Bot,21941306
Cowbeller,24085663
MildModBot,21941306
Cowbeller1,24133146
Xeoth,22573970
Jugglerguy,21941306
Hassel_B,23145443
ostermei,21941350
SilverwingedOther,22866282
CHCMATT,21969171
saltyswedishmeatball,22723369
TheSeansei,22792184
zylian,21941323
PreOpTransCentaur,21941306
Worldly_Reality26,21941306
chaos_a,3362266
Not_An_Ambulance,8425541
Umbresp,86119640
TheLegendOfMiu,3222451
EvilDavid0826,3582237
iTwalkers,26109459
HammBerger3,3223009
Iangator,7515244
chaotic_bot,3308709
Woofers_MacBarkFloof,5055676
pardon_the_mess,3210388
Pure_Owl1,11130408
OrangePrototype,7622760
womm,9783781
cupcake1713,45267870
citawin,7558655
JeF4y,13167763
DarkJokesMods,29937363
thisisallme,38255063
TheBatWaffles,7558661
GetOffMyLawn_,46956975
stephaniehstn,16346644
UnprofessionalCook,82294880
DaedalusMinion,29029668
pithyretort,22419149
boib,22453989
themightiestduck,22419149
IAmTheRedWizards,25265443
Abe_lincolin,22729416
zomboi,22530385
CycleModRecs,22419150
elquesogrande,25862960
vincoug,22755407
BookAMA,22419150
Chtorrr,261481311
satanspanties,22448260
celosia89,22421976
BooksAwards,22419149
okiegirl22,22419151
Prisaneify,22419155
Duke_Paul,37143322
elphie93,22419149
CrazyCatLady108,22422818
LieutenantKije,22419149
XBreaksYFocusGroup,22419149
Fahlm,22419149
spillman777,22692260
VerbWolf,22419149
BohoPhoenix,22538013
dollfaise,22419149
jefrye,22454145
ponyothefrog,22419175
neito,6926241
DrNyanpasu,6926967
urban287,6928317
FAN_ROTOM_IS_SCARY,6926361
Mage_of_Shadows,7002848
Durinthal,6926182
AnimeMod,6926182
Gaporigo,6940112
mpp00,6926182
N7CombatWombat,6926182
reddadz,6926182
KiwiBennydudez,6926182
DrJWilson,6926185
badspler,6926227
Abyssbringer,6926182
Verzwei,6926182
Sandtalon,6927608
MarvelsGrantMan136,7497288
Thrasher439,6926182
Supremegypsy,6926190
bassman2112,6926185
FetchFrosh,6927017
GallowDude,6926182
Xyyzx,6926182
AmusedDragon,6926182
Kaarssteun,3669410
legendcruncher82,214076
Chemiz,221152
SandCheezy,229555
cR_Spitfire,214071
Jordan117,2690849
cench,357803
nephlonorris,214085
mcmonkey4eva,214071
register2014,914546
bestupdator,930630
mermaidpaint,917706
SomaliMN,914543
Celany,914572
boru_remove,914543
czechtheboxes,914543
777kiki,1136661
MitchOssimPants,985683
amireallyreal,914543
arbor-ventus,914543
Oursweetuniverse,959353
Might_Aware,1452137
MissMuses,914544
soayherder,914772
MagicCarpet5846,914543
ChaoticSquirrel,914543
hobdodgeries,603128
the_drugs_liker,603128
zerosum5252,603128
DoItForTheGramsci,615301
Here_C0mes_Everybody,603128
Gamer_Thyme,603128
TripleC36,603128
the_corbynite,603128
AkatsukiAke,603130
Kevin2GO,1027235
Train-Silver,2498336
thinkadrian,603128
GrizzlyPeak72,603128
TrulyEpic8932,604806
_shark_idk,1003219
Specific-Change-5300,2674111
Extreme_Succotash333,604076
DM_ME_DOGS,603128
CSFFlame,3508757
lulfas,3989872
Shock4ndAwe,3180550
Killing_Sin,3131076
TickleMittz,3230999
DuckTalesLOL,3149456
ajaxsirius,7695050
cousinokri,3131076
Afasso,3395751
PCGamingMegaMod,3131076
crioth,12632592
adanine,6319574
Tramunzenegger,10661611
rman320,3131076
ThatOneLegion,3187077
SiruX21,3207327
Newcool1230,23355485
cryptic-fox,3131076
THUORN,3131076
ParanoidQ,3131076
if0rg0t2remember,3151535
CherryJimbo,5677648
toxicmodbot,81088312
dequeued,17745546
zonination,18173594
ronin722,17699667
Mrme487,17634381
CripzyChiken,19530100
lilfunky1,18476717
I_Am_Batgirl,33299071
slalomz,17648372
IndexBot,17699667
Econ0mist,18854243
kylejack,17634374
ElementPlanet,17663490
DeluxeXL,17663490
Phenix4Life,17634374
throwaway_eng_fin,17670551
nothlit,17634374
ScrewWorkn,17634374
rnelsonee,17634398
antoniosrevenge,18424977
NYCheesecakes,18153586
cmays90,18621998
Iamfivebears,3080321
HighTechnocrat,3077167
ShivonQ,3077167
Warforged_DMPC,3077167
Krayt1x,3081520
Nowhereman123,3104512
faeooria,3077361
Stahl_Konig,3077170
SpicyThunder335,4424605
Argieus,3077167
oooholywarrior,3077167
EldritchBee,3077167
MajorTom813,3077167
Wanna_B_Spagetti,3077167
crazydavy,717108
TreyScape,717093
DoctorZoidberg_PhD,717095
iTruthful,717123
xalchs,1477454
Sir_Suh_Dude,721513
BioMasterZap,717093
DreamMentor,783725
Falchion_Punch,717093
Pinuzzo,1706090
GregBuckingham,717093
Friendlygymgoer,717093
semizero,1822293
evey-schwan,1809971
eldatto,1828546
zorospride,1822156
YonkouProductions,4093814
JasonNMP,2070369
NewSpecies,1884279
Sakata_Kintoki,1818313
onepiecetaskbot,1809971
Kirosh,1809971
0ddStranger,1810621
obzeen,2034915
BlazeItSword,1809971
saucyssenpai,1809971
Kirosh2,1809971
buu700,9308184
thebeefytaco,10355187
eganist,8788907
R_Amods,8787966
budlejari,14324649
Mercurycandie,8811143
DayandKnight13,9406406
ball_soup,11238753
Ebbie45,8931974
SirkTheMonkey,4738001
That_otheraccount,3188504
LionGhost,9184150
Satans-Asshole,3368419
rGamesMods,3188498
Madjawa,3188672
LindyNet,7258143
Whiteness88,3188504
Cactus_Bot,7034677
serenity-as-ice,3256149
nismotigerwvu,3188499
ak47rocks1337yt,3188566
Kighte,3188498
Suriranyar-,3188498
TheGasMask4,3188504
ImAnthlon,8050043
DaFreakBoi,3188498
ThucydidesJones,4569098
dihydrogen_monoxide,9106925
IndigenousOres,1819864
salad_tongs_1,1814316
Creekie_,1814316
Electric91,1831849
Bodomi,1814451
satoru1111,1814316
timbro1,1839578
antigravities,1814317
Robin3sk,1814316
naliev,1814316
Doctor_McKay,1816696
FlairAssigner,1814316
steam_reddit,1814316
rsteamhelper,1814316
liberalwhackjob,5507697
relayrider,5515388
FrugalPants,7212649
JerryfromTomandJerry,22279554
LANA_WHAT_DangerZone,7391955
PoorLilMarco,5535970
Noerdy,43746656
MarcoMidget,5510987
Kateraide,7706125
Phreephorm,27984117
fruitjerky,7374132
lislejoyeuse,12203151
plebeian_lifestyle,13774727
commonvanilla,43836232
OG_gaiming01,5720833
dopperpod,6578963
Fyroth,7964312
Uniter_343,630118
SurvivingSpartan,641237
sled603,647736
hydrobunny,635740
YolkyBoii,1021744
AsherFennec,13591956
Skywalker_1881,651344
Balkanoboy,630118
f0rkster,1147569
smokeeye,630117
iemandje,641175
keithvlad2002,631941
lavalord6969,630117
AA_25,630117
businesscasual9000,630117
TheFerub,630427
Jubetti,675387
Redditdovakiin,688194
FantasmaDeKyiv,630117
8BallCoronersPocket,630117
Electrical_Law_8971,630117
ParkingPsychology,709409
snarky_answer,1339733
convolutedcomplexity,630117
Efficient-Fuel134,630117
Strongbow85,1538033
Successful-Wasabi704,385037
weebutt,886056
ChrispyCrispy,2557967
Hydroquake_Vortex,474980
DJScias,1051390
kevinftw17,6619772
jacobmcilravey,1159670
DiscordAppMods,1051390
slandeh,1535751
PVminimh,10474181
StarvelDC,1238855
YandereImouto,1104724
SpookyViscus,1051391
Deivedux,1051393
ilegalimigrants,13633108
awkwardtheturtle,75694372
phd_dude,14844397
BunnicusRex,18071420
TIP_ME_COINS,15318599
Biolates,16040586
ELFAHBEHT_SOOP,49128646
O-shi,51102976
30-xv,13643063
YoStephen,14985373
kellysama,20819181
WholesomeMemesBot,13608026
command3r_ISA,20024427
itsmezoro,21166311
kilari7,14505375
Jaxius3,15571298
MufflerMoose,13608027
derawin07,14876709
WholesomeBot,15172239
HappyModsBot,39245383
JonathanTheZero,19832678
yummytuber,56416734
jarsofsalt,13710527
Poppwall,15540550
Brainzman,14659620
faytality,19703138
JennyBeckman,27477822
QueenTreehuggerr,13608026
just-here4the_memes,13608033
ShadyBoots11,13608026
Gaywallet,17394045
Stockso,13617495
pawsitivelypowerful,22689265
Zyklozylum,97619684
random-homo-sapien,17959511
Pazluz,3749978
Sapotis,42521342
itsHoust,2432294
glassen75,2471431
LunarOlympian,63502969
imagamer6669,1752030
SmallRoot,9057807
AllKindsOfCritters,14583249
RedditVideoDownloadr,6318008
modmailmodbot,22790645
Greenthund3r,4155508
TheGordianKnight,8479344
ketralnis,50716041
X019,14056028
hazysummersky,14077216
Jabberminor,25968482
veritanuda,14053238
technology_bot,14052577
CivilServantBot,44293658
killHACKS,30257381
7thton,23228375
carlinha1289,125669386
trulper,22617239
Strects,21962138
Occlpv3,23705703
keepthetips,21962138
atthejrr2,38610706
swat_08,34980513
Acquainted-Faith,27130401
smackfairy,6330550
s_med,6330550
-Replicated,8446391
-Albus-,6405385
PalpatineSenpai,6336482
drDOOM_is_in,6330638
twd4001,6338976
Kenyalicktheseballs,6330550
beavertownneckoil,6330550
JobLagewaard,6330550
Jimbos013,6573934
Awade33,416628
tterrag1098,418238
iDarper,412604
hadn69,453318
CritFlaw,412573
Old_Man_D,412573
Willz12h,1867824
doctoroctoclops,1868076
mandevwin,1867824
PipeItToDevNull,1867824
Jalad25,1867894
BigCatSanctuary,1867824
Geeknificent,1867824
manawolf146,1867824
V3cT0r_8747,1867824
Direct_virus,1867824
316nuts,37495500
PitchforkAssistant,60814688
buzznights,36946904
kwwxis,57740543
Tornado9797,48280095
ickybus,37822089
RepostMasterBot,72509855
Kate_4_President,47214381
IndigoSoln,56224030
Nixxy1111,33818630
RicoVig,38346184
TextDetectorBot,37822595
Bye_Triangle,875575
Luma44,875977
goldielips,875356
platinumsparkles,875490
half_dane,876522
Justind123,875477
Hipz,875356
Crybad,875777
grungromp,875356
Dismal-Jellyfish,875808
Doom_Douche,875587
BadassTrader,877952
kibblepigeon,875356
FluffyTrexHentai,875356
Hosnovan,875356
Saxmuffin,875356
Conscious_Student_37,875356
GlassGoose4PSN,878007
cheelout19,875356
Superstonk_QV,875356
Superstonk__QV,875356
Superstonk-Flairy,875356
tweet_widget,6418119
Ivashkin,1558577
epicmindwarp,3870578
closingbelle,3881309
Leonichol,2646573
psycho-mouse,3292586
timeforanoldaccount,1841878
CustardCreamBot,3416318
litigant-in-person,2922421
On_The_Blindside,1164724
IpromithiusI,1841878
Obraka,1166185
sillymaniac,2345352
Derausmwaldkam,1800839
PrincessOfZephyr,1692897
Bartsches,1106990
Paxan,1247268
thebesuto,2851270
_kaenguru,2155224
LaTartifle,2111043
bonzei,3375069
EViLeleven,1957973
DerFelix,1128829
ddoeth,2534951
Farun,2132745
HQna,2040291
lookingfor3214,2120945
potatoes__everywhere,2270721
McWaffeleisen,1176943
AlliumAmpeloprasum,1461470
WolfThawra,1606213
lighthaze,1183515
ModteamDE,1100532
MegathreadDE,1100532
ClausKlebot,1100532
FlairyMcFlairgesicht,1100532
TetraDax,4016640
jobaxgaming,1296979
dorfjunge123,1317208
soiitary,1100577
Kaffohrt,1117979
Young_Zaphod,33452333
TheUniquestUsername,5103449
conalfisher,29126082
RandomName01,3960913
UnpopularOpinionMods,3515574
Wismuth_Salix,3515575
Blubatt,3515690
UniversallySecluded,26580486
Sneezer2013,3518617
cjmmoseley,4170030
Coltyn03,3590661
toxicitymodbot,45699110
YoutubeGod5374,6494705
Aruseus493,2295865
LightBladeX,2151559
BasedSkarm,1916864
majorfluffybacon,1916864
Intolerable,1182444
lestye,1186008
coronaria,1224884
leafeator,1228695
VRCkid,1224987
JohnScofield,1178128
Pohka,1182347
0DST,1178045
umalpz,1182347
-Trell-,1182370
VRCbot,1220570
D2TournamentThreads,1178045
thuanho,1178045
DotaDogma,1178045
AkinParlin,1178045
daaaiisyy,1178045
CorruptDropbear,1178064
NicholasCajun,21187083
DasHuhn,17000250
Prax150,17117246
PhoOhThree,25194057
LoretiTV,22419349
HiFructoseCornFeces,14669861
hiddentofu,13530525
demented_pants,14621834
heatheranne,14361314
kallisti_gold,22178972
ConfusedByPans,13530509
MetaBoob,25522151
janeylicious,14361314
petulant_children,14892519
StabbyStabStab,19865581
Lockraemono,20255892
Feyle,17141662
JamiecoTECHNO,13531074
Killerkoyd,13937025
lingrush,14189886
ricarroni,13559562
Pushigoh,13530496
petiterunner,15585323
HolyHipHop_TJ,13530498
meat_tunnel,13530492
KSSLR,14870462
ri0tnrrd,17649763
Pr2r,13530492
IronProdigyOfficial,20721070
CMCliff,13530492
AltitudinousOne,42730905
Perodis,13530492
gursh_durknit,13530492
catastrophized,14011429
TotalBananas1,13992752
frantango,13530492
HueyVoltaire,13536729
LadSonely,13576804
GenderBiohazard,13530492
LilyFlower52,13530492
justincase_2008,13530492
Craideus,13530492
Sevalisa,13530492
TheNightOwlCalling,13530493
nacorom,32024578
momma_oooh,13530492
yourbrainonstress,13530492
kita151,13530492
lilacpointsiamese,19038727
creedofwheat,13578531
PicardsTommyGun,17048643
Xingua92,56349734
FreedomEagle61,2587935
silvercatbob,11951702
taylornator7,5234021
Uphoria,5237007
dakru,5343320
Dajbman22,5238659
ExplosiveMachine,9988531
RandomDalish,5228802
AskMenMods,5228802
Hatcheling,5228802
YellowShorts,5228802
ffreudiannipss,5228810
KingEsoteric,5228802
TopHatJohn,7873048
PureOkra2,4340935
MemMEz,10337330
Mrconjman,3420574
AutoFennec,5126327
ChainAwayBot,7881085
NoobLoner,3421125
theimperious1,11018685
ReportCleanser,11411088
IsThatRyanC,6143459
TimoTheBot,3420632
smas8,6052404
psycid,4457264
Yummypizzaguy1,3420657
The_NecromancerTin,5858752
Travis_C,3677557
Wannabedankestmemer,6414974
ddftgr2a,8535301
ImALittleThorny,4273873
Mytho0110,3691734
OCRAutoModerator,3420574
Whytro,1808156
CharredForeskin,1614031
Kappaftw,1649593
TimeJustHappens,1626586
phant0mdesperado,1614027
AerisaJ,1614027
DoctorCA1,1614027
rib-gg-bot,1803090
ValoBot,1626397
WindAeris,1614027
_Emmitt_,528834
MultiplicityPOE,524033
Fenrils,523813
riffautae,533744
GGGCommentBot,523813
livejamie,799990
jwfiredragon,523824
exilebot,523813
Swimmer249,781324
blvcksvn,523813
Bulletti,549113
AlfredsLoveSong,523813
Craftarc,523813
GR8B0-T,523844
AthenaWhisper,523813
KavanWee,523813
EliteIsh,523813
JourneyToJah,523926
Tizaki,1715666
RenegadeAI,4744761
BioGenx2b,1548164
tugasdocrl,1547735
dayman56,2417419
AMD_Bot,1547722
GhostMotley,2415529
NavyCuda,1547714
looncraz,1547714
jedidude75,1547714
gh0stwriter88,1547714
Servor,1864089
_vogonpoetry_,1817125
AMD_Mods,1547714
Bobson567,418016
NightFire19,391745
khiroshi245,390607
Superjosh107,390607
Fr00tyLoops,1616343
DarknessCat1,435731
Srtzen,390607
box-of-sourballs,487613
raddcircles2,633950
DuffCreeper,512476
EssenseOfMagic,629164
Krushur,629713
TheCheesy,903465
CrackWatchBot,484647
dejavu619,577399
YouSmellFunky,484647
rasherdk,3869119
arichi,4598216
Naly_D,7573878
stvash,3962218
Alex_Demote,3915667
skatterbug,9144166
daybreaker,5238837
rwjehs,5255243
ajh6w,3846179
BlindWillieJohnson,3846179
ThaddeusJP,4069402
ncsubowen,3873931
NJknick,4153815
rnfl_robot,3846179
kami232,3846179
Rathum,3846179
BlitzburghBrian,3867582
criminysakes,3846179
Coruscare,3846179
MikeTysonChicken,3846179
NFL_Warning,3846179
TheFencingCoach,3956835
NFL_Mod,3846179
Fireislander,5788875
NFLConverterV2,3846179
The_Cooler_NFL_Mod,3846179
emmasdad01,4148690
440k,3934297
theycallmehokie,4039545
