Home,98250
AskReddit,40619191
funny,48536033
Damnthatsinteresting,9569561
worldnews,31444279
AmItheAsshole,6971362
interestingasfuck,11389883
antiwork,2536976
facepalm,7074299
gaming,36735471
Unexpected,10143584
pics,29930671
WhitePeopleTwitter,2872252
LivestreamFail,2019925
pcmasterrace,7450982
movies,30759766
therewasanattempt,5955786
leagueoflegends,6264431
diablo4,134110
videos,26684510
DestinyTheGame,2768049
PublicFreakout,4496763
mildlyinfuriating,5536196
NoStupidQuestions,3412192
explainlikeimfive,22170717
meirl,2404988
nextfuckinglevel,7877101
CombatFootage,1379755
Minecraft,7326460
news,26042075
ukraine,864335
buildapc,6282028
wallstreetbets,13823983
europe,4364213
ChatGPT,1115500
Piracy,1117250
todayilearned,31273679
formula1,3046023
soccer,4261933
Eldenring,1851374
GlobalOffensive,1786077
ffxiv,783837
politics,8308697
wow,2325265
ProgrammerHumor,2890415
Funnymemes,609890
OldSchoolCool,17668899
Tinder,5760221
Diablo,368700
memes,25207442
sysadmin,785907
Genshin_Impact,1850830
nba,6756274
shitposting,2266868
Whatcouldgowrong,7376990
mildlyinteresting,21941221
Wellthatsucks,3210220
MadeMeSmile,7558585
books,22419101
anime,6925998
StableDiffusion,214012
BestofRedditorUpdates,914517
Gamingcirclejerk,603122
pcgaming,3131041
personalfinance,17634275
DnD,3077130
2007scape,717081
OnePiece,1809905
relationship_advice,8787771
Games,3188486
Steam,1814264
WatchPeopleDieInside,5507627
UkraineWarVideoReport,630105
SteamDeck,385012
discordapp,1051383
wholesomememes,13607903
CrazyFuckingVideos,1751994
technology,14052501
LifeProTips,21962086
ContagiousLaughter,6330235
feedthebeast,401333
techsupport,1867821
aww,33818497
Superstonk,875357
AskUK,1028358
de,1100507
unpopularopinion,3515505
manga,1916749
DotA2,1178037
television,16808604
TwoXChromosomes,13530494
oddlyterrifying,2587922
AskMen,5228705
HolUp,3420549
VALORANT,1613997
pathofexile,523804
Amd,1547706
Genshin_Impact_Leaks,390604
CrackWatch,484639
nfl,3846092
